ID,BlendProperty1,BlendProperty2,BlendProperty3,BlendProperty4,BlendProperty5,BlendProperty6,BlendProperty7,BlendProperty8,BlendProperty9,BlendProperty10
1,0.17682335,0.28713518,0.64926493,0.616921,0.34199858,0.69547564,0.64631855,0.30525246,-0.20236367,0.3235938
2,-0.78862953,-0.59586793,-1.1329473,0.04670891,-0.7243377,-0.10949665,-1.248832,-1.1078527,-0.74429435,0.009701821
3,1.7873704,1.1549608,1.0755744,1.0683374,2.4405806,1.8650341,1.0991154,1.9705849,0.66390747,2.1992345
4,-0.4474004,0.2789942,0.6646266,-0.66933674,1.8952433,-0.43237814,0.76587,1.6068497,0.69824885,-0.9548589
5,0.15433133,-1.0799015,1.0475221,0.46241888,2.261987,0.22491658,1.1159267,-0.0051812218,-0.36214356,1.0521958
6,-1.4698613,-1.7079695,0.40379083,-1.458196,0.004029048,-1.6423023,0.37060583,0.07611288,-0.778240615,0.064403355
7,1.1489205,0.5464815,-0.13859491,-0.010217941,-0.10968575,0.5197434,-0.21618205,0.17099826,1.1700065,0.26253095
8,2.0976992,1.2445458,0.7886745,1.4259157,-1.4638196,1.4969461,0.73456186,0.82995385,1.630543,0.5134121
9,1.4080684,1.1402805,1.161648,1.7579443,-0.54277194,0.9877683,1.2276266,0.2415535,1.15793375,1.0115168
10,-0.934754,-0.80226165,-2.2563252,-0.5916151,-1.1905425,-0.6300687,-2.5433207,0.20127244,-0.498654515,-1.1980765
11,0.06415476,0.48318708,0.7821156,0.42804527,1.6888084,-0.24917364,0.78120977,-0.04917047,-0.69096505,1.0052226
12,1.786356,0.90223277,0.8446909,-0.32283324,1.1097713,0.5204847,0.8117938,1.1049321,-0.147586882,1.0572329
13,0.5365758,-0.48421046,0.8745687,0.0257704,-1.3628485,2.6057599,0.8892503,0.7307731,1.2953113,1.8310711
14,-0.2463877,0.94194895,0.55878866,-0.8996737,2.6667953,-0.42617065,0.57179457,0.06061666,-0.9150201,-0.3418136
15,0.48333085,2.013446,0.5618601,1.5729952,-0.2078009,0.18629602,0.50112045,0.8503791,0.38179745,-0.41711798
16,-0.08306713,-0.8119334,1.0969791,-0.7525221,0.53300875,-1.1657733,0.999213,-0.08013368,-1.4310554,-0.029168492
17,-1.4502373,-1.4596801,-0.13779487,-1.5638394,-0.8002827,-0.14975357,-0.23479421,-0.9039338,-0.29342191,-1.4091012
18,-0.28092495,-0.46305603,0.36926875,-0.6723356,-0.038926806,-0.1831158,0.35860753,0.9089874,-0.10351783,-1.0112797
19,0.17064407,-0.41843623,0.85342526,-0.70183074,1.6143713,-1.0034999,0.83582366,1.5388854,-1.2168364,1.5820785
20,-0.85372883,-1.6163101,0.39569813,-1.4048301,-0.77306825,-0.8324224,0.4004919,-0.061313767,-1.20167995,-1.7576215
21,0.14821976,-2.1516104,0.25920054,-0.93033504,1.788183,-1.9232862,0.2959072,0.8571943,-0.75517012,0.52804554
22,0.34810603,0.98393226,0.11575991,1.5975316,1.3328743,1.8598524,0.0705076,0.7580003,0.60672077,1.6558943
23,0.9681429,1.5690978,1.1432436,0.81499374,1.5440872,0.29211873,1.2690859,0.8906849,0.12725982,1.362817
24,0.1108799,0.6956011,0.48228586,0.3896974,-0.9913197,0.26237553,0.45138115,-0.66618097,-0.0646123965,0.0010893198
25,-1.4911882,-0.94507945,-0.10189299,-0.5943916,-0.550512,-0.32552585,-0.07211226,-1.1374253,-0.30032647,0.04500764
26,-0.40981257,-0.53787434,0.22128057,-1.0138004,-0.30555165,0.2254849,0.19539845,-1.2483448,0.0664475775,-1.7183555
27,0.7824338,0.31260937,-0.33667156,1.6091422,-1.357341,0.36838463,-0.35517442,0.642923,0.51679945,-1.049443
28,0.17295057,-0.36960143,-0.45048925,-0.6154681,-1.1529808,-0.3750944,-0.55602336,-0.9714438,0.797874525,0.6863415
29,-0.83048964,-1.5351768,-0.3340643,-0.57424426,-0.43207812,-0.8005908,-0.3713991,-0.9210045,-0.41716633,0.19729644
30,-0.19515343,0.1313647,-0.6971341,-0.82880497,-1.7259399,0.15674514,-0.7396729,-0.9068084,-0.098254465,-1.744838
31,-1.1714642,-0.37862045,0.1629878,-0.53368753,1.0515743,-0.91100836,0.123850055,-0.106061436,-1.3337377,0.29610234
32,-1.3333142,-0.42716265,-0.25466585,-1.0791168,0.37588343,-1.4751714,-0.2774248,-0.30802056,-0.584747975,0.27356482
33,0.65910465,0.6199794,-0.36715078,0.57148135,0.14251813,-0.45248443,-0.4450432,0.10749324,0.442502175,-0.13192788
34,0.6224539,1.0236598,0.06993613,0.041918464,-0.9776564,0.045644034,0.0144557,1.2714932,-0.05041142535,-0.5977496
35,-0.7299057,-1.3648844,-0.31630477,-0.8920309,0.11253168,-0.44654328,-0.33171564,-1.211902,-2.06107675,0.21434215
36,1.7927334,0.29132187,0.5578716,0.65433174,0.8000053,0.6006998,0.45716473,1.4208821,-0.38565038,0.39136273
37,-0.03496878,-0.25746867,-0.5636598,-0.023101803,-1.2632141,0.3546294,-0.6732389,-0.18173246,1.60561745,-0.24139662
38,0.28258485,0.8012861,0.4596908,1.3800858,0.3012827,0.70921254,0.51263356,-0.07269628,1.1212466,-0.6992316
39,-2.0405984,-1.4860919,0.14038795,-1.4219031,0.23492402,-0.27512413,0.045727804,-1.7049439,-0.7757135,0.052981038
40,0.2316291,0.75749004,0.52939135,-1.2364037,-0.22332245,0.26648927,0.47206584,-0.21115565,0.93431215,-0.39956862
41,1.8976209,1.2791189,1.3499827,1.4329495,2.207439,2.2185516,1.5736097,1.249239,1.17718405,1.8768326
42,2.0870275,0.6707133,1.1776764,0.7693784,-1.2080221,0.62474155,1.2089776,1.0219165,1.49190925,2.2442546
43,-1.7195773,-0.47500232,-0.8767693,-1.3000126,-0.49944794,-0.46423537,-0.9536003,-2.108159,-0.73558893,-1.5412817
44,1.1987338,0.44381803,0.12487556,0.58200586,-0.33291596,0.53676915,0.20423344,1.717891,0.23803966,0.1911515
45,-0.5911354,-0.66301394,-0.13384044,-1.556413,1.8140876,-1.3916296,-0.14755674,-0.11753247,-1.25068635,0.42212304
46,0.675187,1.0268188,0.770352,0.52317894,0.7521889,0.8486307,0.80738145,0.40640068,0.8785043,-0.99154913
47,-1.47312,-1.9372877,-0.6993411,-1.2001235,-0.07395149,-2.1202602,-0.7148032,-1.184181,-1.86788445,-0.3843313
48,-0.14915967,0.2921435,-0.24637133,0.1214131,-0.4317541,-0.6107882,-0.3620181,0.12201093,0.629304935,-0.5513338
49,-0.35315686,-0.9882051,0.35906577,-0.095451504,-0.9106535,-0.58205116,0.3946147,-0.36962938,-1.3364934,-0.001800136
50,-1.8440171,-1.5018561,-2.048614,-0.7040747,-0.56218565,-1.4710121,-2.262124,-1.8881983,-1.80043665,-1.8451023
51,2.4339962,0.9995086,1.6273956,0.4639309,2.3963108,-0.88383025,1.8881817,-0.43633375,-0.44779649,1.9201149
52,-0.1688761,1.0546031,1.4593092,-0.27390486,1.016229,1.2850397,1.4268911,0.2641317,0.935377225,-0.8600999
53,-0.02926963,-0.1103578,-0.3317448,-1.0902187,0.017035706,-0.6719147,-0.34740078,0.5307757,0.360883815,0.3724004
54,1.5275923,0.5945644,0.22955604,0.46816927,0.6770181,-0.572069,-0.1492247,0.6130713,-0.87384773,2.3823857
55,0.9674414,0.57413065,0.6637689,0.21762711,-0.10768098,1.276966,0.6331291,0.13995631,0.82762885,-0.43022522
56,0.6739793,0.10458112,0.57149374,-0.014964432,-0.10034561,0.56768876,0.6202265,1.1120085,0.058285525,-1.0329401
57,-0.059222557,0.3421631,0.39975572,0.25264388,-0.20080873,1.1451517,0.28944123,0.30253655,0.667415415,0.71596986
58,-1.6544385,-0.9121349,0.47449672,-0.19280726,1.2424242,-0.87842643,0.48604587,-0.5014254,-1.94108105,0.15134096
59,-0.46454418,0.23993129,0.24447317,0.6953775,-1.3624709,-0.67690665,0.26301408,-0.40196466,0.377137345,-2.0999284
60,-0.99584013,-1.6469378,0.15786682,-1.5381082,1.8166058,-1.0402894,0.092280775,-0.8587326,-1.0030479,0.6138766
61,-0.4455377,-0.11372125,-1.9118028,-1.108741,0.043987416,-0.91733295,-2.016866,-0.5939785,-0.44600904,-1.2030523
62,-0.09188653,-1.3406713,0.14005643,-0.64611065,-0.96285033,0.9361111,-0.00060281483,-1.0844326,0.9068064,-0.7504942
63,1.5448691,0.4043442,0.5374603,1.7933731,-0.23812838,1.2393125,0.5340492,0.8420156,1.19544355,1.0950346
64,-0.25961864,-0.40444666,0.748108,-0.5976386,1.0120825,-1.4659045,0.53917974,-0.23214404,-1.12710235,-0.24253833
65,-0.41476792,-0.9453776,1.0134544,-1.7138083,0.20598558,1.2896074,1.0026207,0.77270997,0.91963755,-1.1473484
66,0.64164877,-0.39211488,-0.18754238,-0.85842764,0.7531874,0.04140299,-0.22409706,-0.73058444,0.55285603,-0.198846
67,1.0772219,1.7199318,1.1982334,0.4575222,-0.13303128,1.3845704,1.0908805,1.6095946,0.932065685,0.6543436
68,-0.9866296,-1.0095735,-0.84966004,0.54555607,-1.0460832,-0.9080857,-0.85400236,0.16752061,-1.2553552,-0.4554718
69,1.5749638,1.7286153,0.9143895,1.081858,-0.46040833,-0.12714215,0.84723425,1.1582485,-0.0323611895,1.6382544
70,-0.0019763252,-0.1754443,0.35233903,-0.21931082,-0.28411824,-0.8941804,0.3306235,-0.41795716,0.2910068,0.60280454
71,-0.30556178,-0.104860306,-0.028245326,-0.4360838,-0.80849546,-0.5897266,-0.040744048,-0.05051155,-0.400636835,0.6976551
72,0.69163585,-0.4725804,0.040112898,0.5816947,0.28338984,1.2269102,-0.027724164,0.23728041,0.4336634,-0.93941367
73,0.34211266,0.81171167,1.6438314,-0.44336665,3.0024247,1.5587096,1.9323354,0.4735647,0.196890725,1.6098948
74,1.6524506,0.98217213,1.1954315,1.1570079,1.5667878,0.07147005,1.3894298,0.96805686,0.5290729,2.1623287
75,1.1287704,0.5412761,0.050685607,0.86844945,-0.5445634,0.33297706,0.0071612727,0.6824578,0.67430452,0.4881754
76,-1.2134554,-0.43861806,-0.4882918,-0.41523588,-0.2855243,0.2330945,-0.5684944,-0.50615996,-0.24911672,-1.1586123
77,-0.6000402,0.36249965,0.7655157,-0.94618744,-1.1307956,-0.35545415,0.73627836,-0.47625312,-0.34994879,-0.9840113
78,0.9126202,0.9830609,0.8304553,0.3582071,1.0153075,2.156586,0.80401057,1.7217938,0.696733325,-0.3937877
79,0.94234204,1.0330658,0.35410416,0.9378358,-0.6314992,0.33992702,0.38931066,0.9164627,0.8348235,-0.03009896
80,0.78470236,0.66559756,-0.7282707,0.75544816,-0.7100252,0.59622514,-0.9725159,-0.24681334,1.83577095,0.6024581
81,-0.071342446,0.80504286,1.0075065,0.22729957,-0.44882694,-0.5652282,1.0892932,1.4374477,-0.0192454455,1.2449243
82,1.6172813,1.1614141,0.95896536,-0.28895807,0.33901203,1.3695548,0.9006499,0.08891986,0.604324325,-0.4326872
83,-0.78475213,-0.47912997,0.51878166,-0.7372361,-0.72846705,-0.24270049,0.50476176,-0.13643922,-0.17426327,0.21986452
84,1.0651144,0.5894451,1.1972551,0.66396344,-0.47510564,1.5513575,1.2886472,1.560581,-0.304383725,0.48955446
85,-0.4171269,-0.3680835,-1.4102583,-1.098967,0.06719666,-2.1206417,-1.4801382,-1.3343108,-0.984569515,-0.3673256
86,0.6231172,-0.7164062,0.74563336,-0.40458268,1.1677117,0.09638069,0.6882541,0.35728317,-1.9384701,0.55261844
87,-1.0438665,-0.976514,0.86537564,-1.1255944,0.014001078,0.611452,0.79027593,-0.8567859,-0.419100195,-1.452504
88,-1.2630452,-0.019169219,0.24957557,-0.5010791,-1.1104081,-0.78175664,0.2248692,-0.0804415,-0.781865655,-0.68930525
89,-0.28735578,-0.4582483,0.32756513,-0.55847526,-0.47116768,-0.80849683,0.29132366,-1.036468,-0.6357771,-0.60203856
90,0.298401,-0.84710205,0.7851354,-0.7189206,2.0602627,-0.7778498,0.790426,0.26533666,-1.3929327,0.8931608
91,-0.5103767,-0.93836814,-0.2819558,-0.5729547,-0.8879268,0.1285651,-0.26850808,-0.19611892,0.9431926,-1.4743798
92,-1.4880204,-0.381629,0.30565587,-0.84696233,-0.4813726,-0.78473383,0.25716478,-1.1126705,-1.3344517,-0.6354975
93,0.31384474,-0.99365175,1.4425707,0.6823582,0.6600114,0.20222524,1.4422483,0.64512813,0.11310965,0.8539449
94,1.8603499,0.7046925,0.6426115,0.7092105,-1.0267131,0.61020446,0.6232845,0.7034239,1.13156345,2.2788775
95,1.2459996,0.6442625,-0.22458258,0.6998908,-0.25425452,1.3535818,-0.2620345,0.71341056,1.99077,-0.8559408
96,-1.6371574,-1.2240973,-0.05905372,-1.6786546,0.74069333,-1.926267,-0.11978096,-0.41060957,-1.58635615,-0.0467157
97,0.5675813,-0.1809788,-0.09655279,0.08377953,-0.17507946,-0.0842927,-0.23646563,-0.08601351,0.283352225,-0.81197816
98,-0.7557894,-0.25154108,0.2238029,-0.94267684,-0.9699063,-1.4703443,0.24296187,-0.4440444,-0.163829465,0.037465233
99,-0.54425913,0.063964754,-1.5480328,-0.27793425,-0.038076688,-1.3873827,-1.7009712,-0.74532163,-0.09584402,-0.722448
100,-0.4248929,-0.51714855,-0.18717146,0.34755075,0.64709425,-0.25587934,-0.2535059,-0.2017612,-0.52625491,-0.5007831
101,-1.3792331,-1.5187286,-1.7933323,-0.987866,0.50228465,-0.84829587,-2.0005717,-1.9144198,-1.12725555,-0.525019
102,-0.80134016,-0.97704685,-0.4620412,-0.6362824,-0.82511795,-0.060581,-0.5441339,-0.49821144,0.01441468185,0.048093103
103,-2.1385856,-1.6383425,-1.1204988,-1.2470207,-0.89575005,-1.3107083,-1.2048385,-1.3908614,-1.1608223,-1.458358
104,-1.2974564,-1.2607343,0.90808535,-0.12890482,0.86605793,-0.33317864,0.90529,-1.033992,-0.186656205,0.082994774
105,0.65889966,0.39809078,1.0839754,0.7515253,0.13788825,0.15612075,1.0810575,0.74567515,-0.930879205,0.32766277
106,1.024844,1.0912218,-1.847762,0.4616643,-1.4777021,0.6293725,-2.0771446,-0.8386823,2.25811865,-0.6332749
107,-0.70687616,-0.9909805,-0.22001392,0.24744385,0.3345797,-0.411525,-0.4012882,-0.13957945,-0.5239786,-1.2606764
108,-0.8384583,0.03849843,-0.09537941,-0.7550895,-0.8134554,0.29410544,-0.20261337,-0.4200415,-1.0083372,-0.0017116473
109,0.36783874,0.60854924,0.70331675,0.09398733,0.6004654,-0.5047253,0.6431837,0.09820802,-1.14873275,0.9390092
110,0.9902202,0.34363145,-0.78147185,0.94592917,-0.43022627,0.5586232,-0.8495165,-0.6953193,1.02786665,-0.57799023
111,0.16920575,-0.17607558,1.4360006,0.6472527,1.2039652,-0.29822484,1.5273994,0.8118218,0.055386837,1.2483027
112,0.93786645,0.5829347,0.37725207,-0.15674838,-0.26467752,0.30075425,0.31193095,0.8459851,0.824692015,1.2507856
113,0.18312588,-0.11329152,-0.2618499,0.4146521,0.1954971,-0.41626653,-0.35684204,-0.14723149,-0.145229615,-0.4238549
114,-0.3145163,-0.86939514,-0.86111856,-0.60644436,-0.82274127,-0.16710816,-0.8706013,-1.8824503,-0.077015865,-0.06745975
115,1.1847711,0.40156925,-1.3728669,0.95335484,-0.3574768,1.364665,-1.5220748,-0.11254351,0.78730775,-0.26018235
116,-0.3790353,-0.097248934,-0.5869412,-0.3474028,0.38108772,-1.2608202,-0.6590324,-0.3194434,0.28853354,-1.0537467
117,-0.16420802,-0.48539048,-1.6428832,-0.7710403,-0.8001077,-0.0030024857,-1.78796,-0.65894204,-0.24410379,-0.6130547
118,-0.0747582,-0.21752515,0.6306195,-0.7056035,2.502397,0.8262189,0.6161939,-0.35189015,0.5207939,-0.53318226
119,-0.6629764,-1.0221401,-2.073391,-0.17974699,-1.5658423,0.24446373,-2.365152,-0.70490986,0.947817505,-1.6435753
120,1.0519452,0.38149136,0.55809987,1.0372012,0.28549057,0.6285653,0.39134514,0.47989234,-0.048919897,0.8303486
121,0.10808566,-0.038125258,0.05635297,0.22679123,-1.0886431,1.3055786,0.018958095,0.69747216,0.9783019,0.03914886
122,-0.5110506,-0.9682945,0.40968907,-1.0261997,-0.13340327,-1.3026698,0.45256448,-0.6569098,-0.39446211,0.8221447
123,-0.06626408,-0.34008867,0.024921484,0.552529,-0.2391398,0.7309934,-0.05519738,0.11806116,0.405844715,-1.4677726
124,-0.40003407,-0.9107685,-1.2777774,-1.2121346,0.10556391,-1.426686,-1.4114107,-0.56028116,-0.62056935,-1.0280192
125,-2.0128124,-1.8506426,-2.0871758,-1.9827504,-0.1793193,-2.0336146,-2.306406,-1.6741852,-0.738306775,-0.5437789
126,1.1496348,1.1951816,0.040602125,-0.39402962,0.39944768,0.85205823,0.07728739,0.46248683,0.37836562,0.37735793
127,-1.602628,-1.3573184,0.7850361,-0.34815997,2.4394875,-1.4813639,0.773301,0.10555905,-1.28999755,0.08886122
128,0.52684414,0.52374923,-1.1017771,0.8202139,-1.2767601,-0.7985215,-1.2026414,-0.57330114,1.1907116,-0.87132835
129,-0.23562036,-0.761318,-0.06944436,-0.69559634,1.8411373,0.37885466,-0.119176455,-0.35160428,-1.09880955,0.24012777
130,1.311122,1.5622241,1.4606807,2.5343559,1.536134,1.8065186,1.57885,1.230799,0.46172512,0.48891625
131,2.5006185,1.5206178,0.9257691,2.0466533,2.6537824,2.0350883,0.9659211,2.4362087,1.02890158,0.41667747
132,1.5755458,1.440913,0.7087147,2.2759442,-0.8897575,1.1334609,0.7262927,1.8718125,1.6848143,0.18498597
133,0.3339888,1.1004125,-1.1580777,1.7702992,-0.53937805,0.46407852,-1.2180188,-0.8032277,0.365333965,-1.5012181
134,-0.9352838,-1.9757067,-0.010593349,-0.71455276,1.6124051,-0.72971785,0.013839675,-0.4127574,0.02256839445,0.2826871
135,-0.62811303,-0.11726124,-1.5180912,0.29484594,-1.264008,0.9209093,-1.7011485,0.27996096,0.53486592,-0.22807434
136,0.466366,-0.4922904,-0.22825383,-0.071229726,0.87004036,0.40142018,-0.34046263,-0.06523928,0.660996535,0.6028531
137,-0.12652692,-0.48394477,0.22471124,-1.0486047,0.711745,-0.30012372,0.12567464,-0.31624582,-1.460551,0.7918192
138,1.5754058,0.22419015,0.65150166,1.6189748,0.19112904,0.4569009,0.5802692,-0.04258434,0.80279603,1.540019
139,-0.09629721,-0.73837745,0.24755904,0.31304377,1.8577139,-1.1960399,0.30718648,-0.26455426,-1.3113167,-0.535951
140,-1.1028403,-0.34386754,0.82906204,-0.87120146,-0.09606399,0.5568126,0.7879568,0.8398363,0.36445166,-0.22028437
141,0.33607957,0.41550544,-1.0135918,0.07283977,-0.3375597,-0.8441366,-1.1164453,-0.61322284,-0.553031145,-1.3237114
142,-1.190206,-0.63643193,-1.8334675,-0.76000184,-0.92594355,-0.28098485,-2.0836253,-0.06697285,0.6236459,-0.91411734
143,1.1197374,0.97245634,0.64866185,0.92196536,-0.94851255,0.28172842,0.6157999,1.0730773,0.9029428,1.1546648
144,-0.07803142,-0.22609648,-0.12459568,0.09759932,0.48869962,0.21944506,-0.15225601,1.0472254,-0.381835225,-0.56701946
145,0.823653,1.2595897,0.8377456,0.67615265,0.04069561,1.3671132,0.8056425,0.5868633,1.7579573,2.3184085
146,-0.0011814709,0.9400532,0.047506385,0.31046957,-0.59520304,1.8747587,0.08875252,0.24232075,0.44086012,-0.3358624
147,0.25415492,0.5537684,0.0050337124,-0.36407685,-0.37572154,0.121965766,-0.14622793,-1.0787438,0.0055981455,0.063989624
148,1.3346766,1.2223809,-0.22484872,1.370362,-0.109965324,1.2865522,-0.2584265,1.3247114,0.72678435,0.44967657
149,-1.583284,-1.3600583,-1.5971552,-1.3189836,0.03381072,-2.1231625,-1.7774861,-1.7921063,-0.0663034,-0.22341163
150,1.7567861,1.4160974,-0.20889531,-0.04216616,-0.48413706,1.1191006,-0.2699099,0.19682907,0.96390118,-0.45442358
151,-1.2216156,-0.5187427,0.15097353,-1.2864509,0.5517925,-1.5548732,0.04959448,-1.1312525,-0.53099675,0.3569941
152,-1.0793971,0.2285626,-0.06694304,-0.8714247,-0.21719217,-0.025034502,-0.17239904,-0.64502007,-1.46079835,-1.0774399
153,-0.019566022,0.46177763,-0.7861484,-0.6593214,-0.45215416,-0.056013476,-0.8906725,-0.8916048,-0.63291428,0.8472721
154,1.9842169,0.6852417,0.61795616,0.9963124,-0.30788076,1.5660448,0.60929275,1.7849395,2.1793685,0.507927
155,1.1935325,0.34341332,0.6976168,0.3734201,-0.8235947,0.36981475,0.70629853,1.4998724,0.34034405,0.658901
156,1.1917247,0.55898607,-0.45688397,0.8678354,-1.3222358,0.074102186,-0.58916897,0.5524765,1.5913938,0.82674706
157,0.2326202,-0.054624528,0.09591456,0.24845186,0.47739565,-0.67210543,-0.025844846,0.52841705,0.21902868,1.2108858
158,-0.6723561,-0.79422975,-0.048694216,-0.17339061,-0.00028566294,-0.55435556,-0.05469237,-0.39910603,0.687006085,0.0075175976
159,-0.12462978,-0.57130355,-0.43020874,-0.20943058,0.80072504,0.30035132,-0.43423343,0.5071474,-0.02998961775,-0.2114335
160,1.6241786,0.07883406,0.42791337,-0.43224007,-1.3395885,0.4528334,0.5612256,-0.47757974,-0.92162137,-0.5270632
161,0.4549772,-0.13360098,-1.6051186,-0.031520985,-0.41032052,-0.096013434,-1.7832537,-0.7320201,1.18798245,-1.4937797
162,0.9809127,2.0021348,0.48959774,0.6544497,-0.44507203,1.1884978,0.464486,1.221398,1.40668885,2.0011303
163,-0.55686367,-0.970798,0.26551652,0.07005642,1.8546185,-1.478554,0.31643546,0.7062584,-1.7563536,0.56814927
164,0.53819185,-0.25832543,-1.3658705,0.9778339,-0.23778895,-0.5692905,-1.493407,0.6236089,0.025792927,-1.2869815
165,-0.692024,-1.1764525,-0.9711603,-0.43078768,-0.39219764,-0.03241042,-1.1060772,-1.0602473,-0.680221875,-1.3956134
166,-1.2135818,-1.3173342,-0.3153884,-1.1761658,0.11196047,-0.46211392,-0.34576404,-0.23028326,-0.269333885,-1.7206978
167,-0.2825625,-0.4551916,1.5539393,-0.034799032,2.379244,-0.5521223,1.7601476,0.19623207,-1.3044184,0.21813028
168,0.1301969,-0.34403116,0.22376846,-0.93626904,-0.10517755,0.42583746,0.27166483,-0.6050789,-0.321779965,-0.0877056
169,0.13583145,0.053478338,-2.4200594,0.06511126,-0.6979037,-0.17653318,-2.7297463,-0.50230706,0.018165931,-1.601001
170,-0.3956129,1.3020091,0.6764895,0.88841975,-0.47610196,-0.272183,0.59923226,0.5378789,-0.1024124225,-0.5136376
171,-0.37970006,-0.37761414,-0.28285813,0.0041711186,-0.6849103,1.1373171,-0.37455925,0.00048636348,0.27194041,-0.8091014
172,-0.16072874,-0.36180508,-0.4420032,0.42291826,-0.16235264,0.18349758,-0.44009706,-1.0937928,-0.85484125,-1.6691288
173,-1.0805279,-0.5645635,0.56458884,-0.65017855,1.4102112,-1.0293672,0.45452172,0.6310638,-0.983497025,-0.34597087
174,-0.6689736,0.5829103,1.3752172,0.9741622,2.3256435,0.11449088,1.4264255,-0.7775613,-1.14845755,0.8406086
175,-0.496106,-0.8823103,0.91296536,0.29196683,-0.6535598,0.09683922,0.88769996,-0.06502214,0.243912015,0.5928447
176,1.0151026,1.5645622,1.3811529,1.1716619,2.5963311,1.243042,1.4824054,1.5484738,0.95981995,2.0782914
177,0.2082604,0.39792323,-0.09478736,0.32277596,-0.39377248,-1.5573957,-0.100974835,0.19892485,-0.434212365,1.2227074
178,0.9756354,-0.12562436,0.63600826,0.9865438,-0.44623244,1.1975397,0.6853752,1.2145903,1.26950505,0.7736558
179,-0.77681243,-0.95676816,0.85947716,-0.93192244,0.5338001,-1.3913999,0.75117934,-0.51833653,-0.65292609,-0.24485497
180,0.08473131,0.40872797,0.2320209,0.63043994,-0.1765202,-0.6227685,0.15099128,0.12557013,-0.58867093,1.4831972
181,0.47107497,0.76133245,1.4014322,1.3035941,1.558986,0.9947559,1.386111,1.1141485,0.59265815,-0.45015424
182,0.0968093,0.37040174,-1.1186363,-0.17504427,-0.117656514,-0.32609385,-1.1342894,0.22111568,-0.004120329,0.20225799
183,0.6438664,0.90403795,0.9948717,0.91503084,-0.377833,1.250931,0.9605817,1.3632947,0.37643285,1.7011039
184,-0.9249517,0.026134426,1.464864,0.52158165,2.5955124,-0.5348629,1.5273851,1.4340246,0.259350565,0.35396495
185,1.8189056,1.3451568,-0.09105369,0.86632454,-1.0144303,0.09792968,-0.10224083,0.0877295,-0.03190386,1.8974199
186,-0.28132397,-0.46419048,0.1360893,-0.6457999,0.098745465,0.5384496,0.09738357,0.7211404,0.323980305,-0.22005746
187,0.7542406,0.31418633,1.3348577,1.1697214,-2.4635345e-05,0.530595,1.3405534,1.5428691,0.12500611,1.1108946
188,-0.8175797,-0.15420952,-1.5011666,-1.2309499,-0.4005908,-1.3612497,-1.7106761,-1.3611177,0.159054275,-1.3889683
189,-1.414499,-1.5493525,-0.24482104,-1.482719,-0.46058497,-1.4511477,-0.3143113,-1.4207335,-0.9770766,-0.54600215
190,-1.4142494,-1.3006653,-1.9419558,-0.5591856,0.19766214,-1.1914425,-2.0275686,-1.8506057,-1.11058,-0.54694414
191,0.9352263,-0.004690803,1.3128237,1.2187123,-1.4760807,1.6605145,1.4582736,1.2331043,1.6288481,-0.42091537
192,2.8295062,1.192342,1.4348584,0.5628854,2.7121406,0.54613954,1.6181115,2.4868622,0.942535325,2.156611
193,-0.057247028,0.7031734,1.2707933,0.4979242,2.1953208,0.751128,1.3053308,1.7719917,1.5879292,-0.25238448
194,1.0599867,0.094407,0.24473351,-0.02303632,-0.13712092,0.26277584,0.19676927,-0.71233684,1.1031092,1.0303948
195,-0.09805244,-1.0402969,0.10988483,-0.79961026,1.4118145,-0.50053775,0.073738456,0.049328297,-0.66394317,0.4924923
196,1.0666757,0.95216465,1.4452984,1.4845567,-0.7025459,1.395717,1.496732,1.3189386,0.32245332,0.43749517
197,-0.41048342,-0.31831157,-1.9755363,-1.0850207,0.16379365,-0.6922114,-2.144711,-0.5386615,-0.971523735,-1.4908152
198,0.7958127,1.2091919,1.1977732,0.9800718,-0.4374947,1.0022863,1.2163931,1.49422,0.859746335,1.9794838
199,-2.045239,-1.5454087,-1.455653,-1.369987,-0.37691396,-1.6392574,-1.5430701,-1.5350652,-0.634197415,-0.29495913
200,-0.058684424,-0.06240482,0.3520527,-0.39598745,-0.44649306,-0.19706276,0.2871948,0.31699818,-0.46504476,0.6026333
201,-1.644052,-1.1089256,-1.7983586,-1.834554,-0.43603182,-1.9512854,-1.8851514,-1.5079356,-0.129510862,-1.6057463
202,1.7175485,0.7583113,0.6569862,0.6765434,-1.1687453,2.4249866,0.64707124,0.7354287,1.7717606,2.3345606
203,1.2271216,1.5100551,-0.06859258,0.79589784,-0.22590166,0.30211625,-0.09300119,0.8605771,1.0411719,1.7376245
204,2.6910787,2.5839777,1.2104151,0.5381634,1.193402,1.1329019,1.175831,0.7119857,-0.175382965,0.24533065
205,-1.327018,-1.7921355,0.30901885,-1.3815258,0.86135846,-0.5255207,0.215701,-1.6395864,-0.34192352,0.28353682
206,1.9361575,0.91277516,1.1107973,1.5269263,-0.4831068,0.6730183,1.1120843,1.0493419,0.510495085,2.0560231
207,1.4919307,0.7649104,0.16848353,0.9708016,-0.09748333,0.14390199,0.17319652,1.8162253,-0.20092023,1.8396355
208,0.925401,1.5980127,0.5155773,1.2846053,-0.39130524,1.8179258,0.5393524,1.517246,1.01816035,-0.7157135
209,-1.2997516,-0.96244144,-0.4856454,-1.5179886,0.03938573,-0.39894328,-0.574969,-0.4761395,-0.938548065,0.582947
210,-0.8108287,-1.1076839,0.5547575,0.9781927,1.6577213,-0.23280005,0.5582195,0.8613845,-0.63814521,0.5550562
211,0.292858,0.44251877,-0.5805143,0.53800493,-0.40323538,0.40327233,-0.70733815,0.2663117,1.0902215,0.70242155
212,-0.26681483,-0.29868573,0.38857934,0.06850816,-0.77442384,-1.1037414,0.36351728,0.1807385,-0.44718105,-0.7307914
213,-0.7450541,-0.38519767,1.1590992,-1.0464029,2.2646341,-0.62889016,1.1684275,0.79513884,-0.52046882,-1.1655587
214,0.10225311,-0.0052456986,1.096942,0.2911203,1.2600737,-0.2206848,1.118429,-0.23521662,-0.0016418324,-0.10968536
215,-0.19183475,0.025392894,-0.44095254,-0.12953708,-0.06913678,-0.3041831,-0.51173526,-0.88249046,1.04777485,1.1457568
216,0.7773615,2.2786512,1.5174475,1.8752303,2.0934567,1.6811695,1.7686586,1.606116,1.31912665,-0.31207258
217,1.6659768,2.136645,1.5627267,0.67632073,2.2528076,1.2858703,1.7493595,1.23016,1.45958275,0.7271546
218,0.23857501,-0.4830066,0.74171394,-0.504626,1.179782,0.25034013,0.7523715,1.5890197,0.228426915,-0.58131427
219,-1.6200447,-2.2570534,-0.7407719,-1.7611718,-0.46788543,-2.1116326,-0.9589281,-1.4392192,-1.02254695,0.15201965
220,1.4450371,1.4849373,0.7461852,-0.45667928,-0.8422935,1.664875,0.71615064,0.15316077,1.31635665,-1.2460619
221,-0.5238966,-0.44079483,-0.8566365,-0.41749525,-0.26376733,0.113282904,-0.9925299,-0.78496635,1.23858995,-0.9634875
222,-0.5747175,-1.7230043,0.9084643,-0.31777352,1.1079125,0.16313966,0.8860997,0.21554987,-0.0101777437,0.37532806
223,0.5959004,-0.53434324,0.68628526,0.08728349,1.4647472,0.25099036,0.72206086,0.14417103,0.18830514,0.6301189
224,0.40576172,-0.064722076,0.8446575,0.6950081,2.2699134,0.65728027,0.8094026,0.6603947,1.0474743,1.0502851
225,-1.3422946,-0.08209437,0.54377097,-0.80413073,-0.39486143,-0.25688285,0.53701115,0.38630262,0.1392339525,-0.47859812
226,-0.077723876,-1.096194,0.96294904,-0.18261936,-0.3930409,-0.9288988,0.9860207,-1.2747741,-0.8726959,-1.5512036
227,1.6788626,0.89178514,0.49874574,1.0379623,1.7547584,1.3832575,0.58558667,1.1139605,0.466853985,-0.86194915
228,0.053713612,-0.76313066,0.83500576,-0.58354616,-0.8665203,-0.688838,0.88692987,0.21292019,-0.49959594,-0.31548056
229,-0.67273986,-0.37744588,0.14073041,-1.0991966,-0.8953087,-0.14133796,0.12319736,-1.5061808,-0.60908087,-0.098929636
230,0.47968638,0.3275717,1.1475502,0.33742946,-1.1201596,0.09369923,1.1488194,1.4663845,-0.545365115,-0.9407193
231,-0.15148672,0.35976928,-1.8607383,-0.71854156,-1.3597292,0.21983421,-2.004121,-0.6312354,-0.7116532,-1.6119728
232,-0.18366343,-0.2989707,-1.6906369,-0.45967764,-0.99180305,-0.48121142,-1.7898462,-0.60054594,-0.42714262,-1.0635322
233,1.1858284,1.869858,0.7489883,1.5493312,-0.64947903,0.81365794,0.7119261,0.99907476,1.0610639,0.87754834
234,-1.4797939,-0.35076523,-1.7662156,-1.8334305,0.44497633,-1.3539107,-1.8704493,-1.1354531,-0.261389075,-1.5387576
235,-1.0996015,-1.8991606,-1.0046823,-1.0508101,0.7682165,-1.5648272,-1.0171664,-0.7749364,-1.3958757,0.097021215
236,0.5628383,0.6459397,-0.6884303,1.5034914,0.30288398,1.7379901,-0.7524433,0.947054,1.4636136,-0.55626464
237,0.054713488,-0.40188062,0.7923116,0.91582865,0.62483966,0.33336875,0.72332346,0.009370423,0.0121564765,-0.059415497
238,1.5425291,1.1004405,1.3205001,2.2447386,0.782388,1.0230292,1.278671,1.3289366,1.54052065,2.1091797
239,-0.40552777,-0.8001877,-1.2572358,0.20113967,-0.41748008,-1.3014456,-1.3870757,-0.985453,-0.850272165,-0.9806055
240,1.9552542,2.1157537,0.8754432,1.7629536,-0.63040686,1.1549648,0.92597735,1.4641317,1.04156255,-0.15395656
241,-0.7872689,0.29742193,-1.745609,0.7084479,-0.98612857,-0.7144991,-1.7304959,-0.02256136,0.079624819,0.22048923
242,-1.1487497,-0.25972676,0.2707188,0.22439632,-0.33551496,0.33226728,0.26741707,-0.36314416,0.0676566935,-0.50114155
243,-0.6444305,0.9869669,0.20731047,-0.026210433,0.270345,0.14765653,0.0056386837,0.5258124,0.215292545,-0.891071
244,1.2346838,1.1606052,0.45318657,0.76702964,-0.20471996,0.47327918,0.48523068,0.6388947,0.491814315,-0.24571232
245,1.3573992,0.7876642,0.26311895,0.9570925,-1.3419545,0.81646717,0.2064881,0.6687338,1.6832606,0.9664572
246,-1.140718,-0.5679823,-1.4043463,-0.26092783,-0.99995494,-0.5420847,-1.4561498,-1.2803531,-0.35571904,-1.6245625
247,0.5258368,-0.53509307,1.1434734,-0.23805392,0.20179045,0.048742883,1.0562973,1.2727882,-0.460936815,1.1439042
248,-0.5097555,-0.7811545,0.31713128,-0.99260443,0.16979155,0.051719077,0.26807886,-0.32717836,-0.630257065,1.0018475
249,0.94253874,1.9155724,0.601599,0.7148918,-0.37880915,0.4070813,0.5365288,-0.26733604,1.1598115,1.8452861
250,0.91662186,1.8776872,0.68906283,2.136188,-0.49311513,0.33291745,0.699442,1.2677811,0.119896438,1.9571974
251,-1.4773028,-2.2250051,-0.09636149,-1.2955815,-0.25272542,-1.8503332,-0.09382641,-0.86738455,-0.088150972,-0.12069283
252,-1.089916,-0.02088769,0.13842711,-0.14633784,0.2978925,-0.37275305,0.018505456,-0.9904712,-0.215587705,-0.72407484
253,2.2138157,2.4447954,0.50508165,1.804055,2.0285244,2.3594785,0.5568378,2.8142219,1.85122055,0.69452035
254,0.07402884,-0.24929363,0.37583694,0.8449033,1.9731847,0.47719303,0.25476125,-0.8204858,-0.45038071,0.2412333
255,-1.4326348,-1.6426213,-0.80903876,-1.142938,-1.1409523,-0.58506453,-0.87483525,-1.9465395,-0.919019915,0.20509705
256,0.6506255,0.53522265,1.1020653,0.21482739,0.44111294,1.2807678,1.0314664,-0.10234426,0.94489077,-0.8012764
257,1.6934104,1.3772378,1.1164327,2.5022101,-0.045105055,1.1199802,1.1199703,1.3062552,1.61955695,2.5166392
258,1.3476703,0.9586766,0.56697255,1.7636063,-0.40220898,0.73684233,0.57486176,1.3289822,0.77556445,0.6479914
259,0.73073125,0.38997856,0.3581975,1.116677,0.13761017,-0.019028747,0.32125452,0.20071241,0.291029975,-0.70647633
260,-1.3338404,-0.5650597,-1.54446,0.2624929,-0.5033626,-0.39653134,-1.6338341,-0.5080295,-0.147262815,-1.4900678
261,-0.018565746,1.4061093,1.4145586,-0.026817895,1.5103327,2.2263641,1.4418578,1.4897236,1.5425098,-1.2609088
262,-0.7322986,-0.80672824,-0.7184161,0.17543694,0.55872923,0.6470672,-0.7456668,-0.7286878,0.39850834,-1.021726
263,-0.2601829,0.9513614,0.77023274,1.4387257,-0.93103147,0.49606436,0.692481,2.7206283,-0.191120455,0.7730371
264,-1.7927336,-0.3878574,-0.3685842,-0.45387393,-0.65670526,-0.6369552,-0.8041599,-0.80516034,0.284746245,-1.3870654
265,0.057101253,0.67638886,1.1639292,-0.48177305,1.7681775,-0.40337506,1.1602118,0.59933627,-0.29332471,-0.031948693
266,1.4028845,1.2587483,1.1591656,1.3494558,2.2764766,1.3843086,1.2207308,1.5598198,1.20345045,-0.033030584
267,0.7081292,0.71998,0.8583416,1.1962366,0.53603846,1.502159,0.9676137,0.5491649,1.0425527,-0.14834568
268,-1.734435,-0.97655094,-0.3289376,-1.2589064,-0.3941812,-1.6479127,-0.47190338,-0.34801674,-0.965362165,-0.3010177
269,0.23848322,-0.20174061,0.673457,-0.045294173,1.3419514,0.9778816,0.7821916,0.72078574,-0.30757692,0.82385314
270,-0.7428837,-0.3181248,0.61097467,-1.021819,1.9390562,-0.26941282,0.5758153,-0.04495856,0.303285255,0.6024578
271,0.13829991,-0.3817702,-0.35547107,0.49375555,0.54858434,0.417804,-0.36316168,1.4125025,-0.083835517,-0.23219581
272,0.38619474,0.32592586,0.51797867,1.312283,-1.5395243,-0.55047137,0.45670494,0.11719656,0.288849725,0.05032129
273,1.4577943,0.8357557,1.2074206,1.47597,0.34910008,1.2593735,1.207505,0.92262584,-0.006790327,2.536673
274,1.0952718,1.4681883,1.1504055,1.7142575,-0.7028233,0.15839049,1.224613,0.09183426,0.183925985,1.4894657
275,0.22827142,0.28886455,0.56253994,1.2842195,1.4869455,1.0987059,0.6155561,0.42475384,0.94566975,-0.42411524
276,0.987093,1.1670744,1.5903811,0.917138,0.15013105,0.5714191,1.8358862,1.6783302,-0.208503675,1.6516539
277,0.8512243,0.59403795,-0.98633975,0.8821026,-0.82139254,-1.0327578,-1.0862696,-0.42009026,0.180725275,0.46063986
278,-2.153418,-1.6762176,-1.8349109,-1.191957,-1.1281826,-0.22038749,-2.0197654,-1.851786,-0.18474863,-1.6191406
279,1.7158976,0.94463277,0.4629488,1.4794753,-0.43475938,0.79022056,0.4236146,1.5165455,1.3475581,0.3710926
280,1.296988,0.5389608,0.53898567,1.7144568,0.45370913,1.0003939,0.51796204,0.07436339,1.82284105,0.6396828
281,-0.20878819,0.2022839,-2.0813837,-0.54055345,-0.14626175,-0.066831656,-2.252382,-1.432544,1.44098015,-0.8633952
282,-0.101517156,0.35468355,-1.358188,-0.27349553,-0.5431416,0.6683438,-1.4665061,-0.4993516,1.1682358,-1.3628342
283,-0.1544922,-0.11810297,-0.041815355,0.013759958,0.09211466,0.8196346,-0.047362167,-0.8505519,-1.2901691,0.012022475
284,-0.8571619,-1.4839916,-0.12766856,-1.4982424,0.041504107,-1.6011703,-0.3181192,-1.1682365,-0.954879875,0.04517173
285,0.39225155,0.21233508,-0.86982083,1.5758944,0.29320493,0.6732918,-0.90266526,0.55878335,0.157356545,-1.2950883
286,-1.2700286,-1.4725912,-1.3152051,-1.7096723,-1.5375388,-1.7964195,-1.4384257,-0.4737416,-1.57612215,-0.5571632
287,0.23043895,-0.24990396,-1.9489938,0.59473705,-1.3552817,-0.52234375,-2.189979,-0.75012654,1.6260218,-1.1898911
288,2.1736863,2.6160274,0.64313245,2.7224798,1.9997869,1.8524243,0.65417004,1.7137759,1.49092195,0.9052669
289,-1.3006856,-1.1509225,-1.6764147,-1.2188188,0.23214439,-1.033872,-1.8564706,-1.2043593,0.0777688275,-1.341161
290,-1.3459754,-1.5207913,-0.40059245,-0.8401537,-0.3005619,-0.8615678,-0.54986346,-0.96033895,-0.37178065,0.5369069
291,-0.88342047,0.13069248,0.098025516,0.018832156,-0.83894557,-0.36332384,0.04613211,-0.48673812,-1.6187228,0.9359797
292,0.9444361,0.031473435,0.12181853,-0.19473994,0.6826394,-0.20819059,0.097504765,1.3191572,0.110163595,1.4495752
293,-0.72963154,0.15623403,-0.20074663,-1.1117241,0.049803674,-0.97946227,-0.25477883,-0.22579432,-0.480140185,0.25912884
294,1.1228284,0.7745398,-0.14341588,1.1903698,-0.045416817,1.0863914,-0.23171487,0.20561981,1.3919656,-0.10478334
295,-1.405249,-0.3458135,-1.5572715,-0.72647846,-0.9974754,-1.6388553,-1.638237,-1.1490233,-0.6247574,-1.3586366
296,-1.5592722,-1.3776367,-1.0747645,-1.798666,-0.4746694,0.17584677,-1.1739879,-1.7124443,-0.5700608,0.0716411
297,-0.94976246,-0.013878705,-1.0515018,-0.2677524,0.12749474,-0.50157607,-1.111309,-1.0378402,-0.34511248,0.17497744
298,0.30561525,-0.036496166,-1.142138,-0.9104461,-0.35954326,0.12557453,-1.1668421,-0.082268104,0.89910513,-1.2200518
299,0.7265375,0.03282225,1.3294916,0.79245603,2.366417,0.28745264,1.2638487,0.6414709,-0.470505205,0.4463992
300,-0.8884969,-1.428668,-0.87955606,-1.4904151,-0.9614427,-1.5430009,-0.84703445,-0.12018236,-1.1156661,-0.48783308
301,0.46043646,0.48202282,-1.591195,0.45510456,-0.72936237,1.3008583,-1.6818591,0.002059731,0.235624835,-1.3678652
302,0.99336755,1.4243495,1.4183214,0.49570954,1.8533814,0.6993279,1.4214424,0.41653728,0.27809436,0.99238575
303,-0.26367664,-0.39153653,0.6692701,-0.17534882,1.9081612,-0.12809269,0.7583714,0.05069844,-0.35483538,0.5421072
304,0.46986973,1.186168,0.47681117,-0.4463092,0.14371158,0.8490578,0.54600763,0.7731111,0.49447864,0.5982147
305,0.441047,0.7318958,0.78320503,1.2155528,2.1214743,0.8610161,0.7384198,0.8609791,1.05842475,-1.0445244
306,0.38432467,-0.55030644,0.77547365,0.7787403,-1.4168947,-0.061384708,0.8081889,0.37011075,-0.768355025,0.8690883
307,-0.255342,-1.417844,0.7347225,-0.7585273,1.3386414,-0.3101135,0.6854546,0.39577365,0.433709535,0.83412474
308,1.1563427,1.9803231,0.7464874,0.47655094,-0.14372948,1.2597396,0.58497167,1.7748499,1.03871355,-0.24823296
309,0.09819281,1.0009377,1.3316422,-0.31228346,-0.96932423,-0.6277966,1.5310984,0.42754096,-0.59180255,2.3557453
310,-0.044267625,0.7483629,-0.5972507,-0.5715278,-0.1065752,0.49491677,-0.56833196,0.59387505,-0.15347679,-1.127291
311,0.80084705,-0.79159474,0.6558489,0.58851266,-0.084970355,1.0050957,0.5566851,-0.30723077,0.110680485,-0.3527029
312,0.1399832,-0.9532471,-1.2434425,0.13766772,-0.58791363,-0.010454611,-1.4007832,-0.9056919,-0.56478342,0.09798197
313,0.06577968,-0.31305683,-1.6228625,-0.52429396,-1.0618937,-0.46182567,-1.6662118,-0.82782716,-0.66447833,-1.4365426
314,0.97432387,-0.70185745,-0.18628526,1.4017355,0.35364896,-0.3681218,-0.3565542,0.122108534,0.70104573,0.88607806
315,0.112384446,0.45289367,-1.488025,-0.29051322,-0.35900927,0.45700788,-1.5513593,0.80463517,1.57376225,-0.5128399
316,-1.8804843,-1.2133143,-0.590811,-1.0346212,-0.9285003,-0.8818113,-0.71919334,-0.7672985,-0.467200835,-1.1602844
317,-1.2497156,-0.85343385,-1.8734719,-0.9579946,-0.050012484,-1.8743951,-2.0157752,-1.5768398,-1.5129874,-0.8827016
318,-0.2127845,-1.1480324,-1.239799,-0.49382037,-0.8832236,-0.6515666,-1.2301772,0.19793291,0.799257315,-0.026682362
319,-0.52627414,0.09865986,0.14179778,0.68964636,-0.60617876,-0.53593475,0.12992865,0.77618384,-0.34438637,-0.22351114
320,-0.7124763,-1.374209,-0.23519766,-1.21984,0.3419459,-0.9783336,-0.32169953,-0.41686392,-1.11642815,-0.027343169
321,0.7804962,0.5996103,0.8310548,-0.41868842,0.9793452,0.2836516,0.8778466,0.106424056,-0.303755375,0.77368915
322,0.9853169,2.5430799,0.4346146,1.171374,0.10479895,1.1834508,0.4064141,1.0585253,0.71906097,-0.519022
323,0.3623188,1.3181692,0.5772222,1.2634888,-0.30428573,0.048612155,0.5537907,0.7579607,0.664836875,1.5754378
324,1.226172,0.51163673,0.9265158,1.6710544,-1.2601011,0.03463191,0.8619088,0.8554307,0.31786303,1.7695768
325,-0.9642587,-2.280015,-0.008183159,-0.8750342,-0.3113632,-1.4702879,-0.0833229,-1.2160126,-1.08419065,0.26783222
326,-1.1196427,0.5460726,0.77392983,-0.9441525,-1.1214156,-0.5664998,0.69641566,-0.5468338,-0.828755665,0.9707796
327,-0.54397637,-0.43435282,1.0852647,-0.22178616,-0.46701702,-1.1893209,1.0389,0.8363301,-0.255801305,-0.53418237
328,-0.96559346,-1.083763,-0.4735518,-0.7443712,-0.08629735,-1.0172968,-0.46506843,-0.08160961,0.073705835,-0.6201488
329,-0.48522276,0.7847444,0.45695704,0.30997354,2.1322649,2.3262532,0.49117684,0.06488448,0.60629072,-0.38594148
330,0.20322171,-0.16813739,-0.018224789,-0.2101484,-0.8000674,0.55442846,-0.009015704,-0.35471004,-0.704423375,-0.1559736
331,-0.385031,-0.8500723,-0.8745254,-1.0867839,-0.29444456,-0.48668736,-1.0082723,-0.89151156,-0.353976515,-1.1054068
332,-0.7290566,-0.21994957,-0.61214757,-0.28328598,0.30259317,-0.80437744,-0.8687614,-0.8951336,-0.363512875,0.047548994
333,-0.5891713,0.5111735,0.59845304,-0.76303047,2.4534712,-2.131077,0.58994097,1.7509797,-0.70642095,-0.37534982
334,0.9638699,1.0849745,0.67770797,1.4832046,-0.09049939,0.111219026,0.76932955,0.27579653,0.6010629,-0.39276022
335,-0.90328395,0.031543452,0.8471756,-0.55286115,2.0573776,-0.23922169,0.9366348,-0.3485553,-1.0486252,-1.4190266
336,-0.11766648,0.5035663,-1.327275,-0.8699244,-1.1580389,-0.44317466,-1.3908186,-0.981859,0.910536345,-1.214557
337,1.5009782,1.0890548,1.3522968,1.3874316,1.9458566,1.4657837,1.4260451,1.2757311,0.77463605,1.9571518
338,-1.4511013,-0.8116346,0.6263894,-0.6145243,-0.7577082,-0.83777267,0.680843,-0.71127784,-0.23282361,0.21121201
339,-0.80329955,-0.2435158,-0.78058904,-0.6634487,0.4673078,-0.1738961,-0.8191215,-0.057579525,0.79620515,-0.6120609
340,0.6544961,0.2828142,0.7577108,0.9422771,1.3033864,0.6590489,0.76782596,0.3839644,0.17917265,0.23375365
341,0.25599116,-1.255599,0.8916501,-0.46019506,1.9879382,-0.13616112,0.8637737,-0.53932405,-0.46166426,0.12856475
342,-1.5425863,-1.3804848,-2.5849912,-0.6488126,-1.2165794,-1.1533906,-3.0538192,-1.813267,-0.99851455,-2.0760493
343,1.6798571,-0.38190252,0.84158486,0.21512946,-0.71072656,0.98229104,0.85343003,-0.09299708,-0.45500255,1.2347167
344,-1.1381693,-1.5045899,-1.2386293,-0.9027565,-1.030601,1.247603,-1.3761029,-0.81642187,-0.67192193,-1.5025086
345,-0.21847752,-0.12303193,-0.36998826,-0.57744163,0.05644426,0.5137229,-0.456409,-0.720327,-0.65241838,-0.22300282
346,-1.3743787,-1.6481144,-1.7610939,-1.7701519,0.2619614,-2.329328,-1.938936,-1.8895451,-1.61230315,-1.7484505
347,-0.13511908,0.70654565,0.74269474,1.1079861,0.1785481,0.057684325,0.768613,0.778744,0.347254085,-0.014062131
348,0.49326444,0.40359434,-0.23326126,-0.60804427,1.0683137,0.2842289,-0.2973104,1.2110127,-0.25177218,-1.0058969
349,0.21207929,0.46012962,-1.7807544,-0.4704349,-0.61866105,-0.29110682,-1.8423831,-0.53208476,1.9623898,-1.2609155
350,0.19159728,-0.003300669,1.1392448,0.54606885,-1.2659688,0.7887134,1.1216171,1.1574198,0.284396375,1.3053305
351,0.17495343,0.5225419,-0.06876067,-0.286923,-1.6981951,-0.513948,-0.17929228,0.6576448,1.20147585,-1.3073372
352,0.27507722,0.50730014,0.8273032,0.72294843,0.4920688,0.5353186,0.78504217,-0.35413748,0.845522075,0.93276626
353,0.5254639,0.9455744,0.0836554,1.0168523,0.5856545,1.7395885,-0.10374075,0.36935228,-0.0258278945,1.6074841
354,-0.20806451,1.1886199,1.0954804,1.2966697,1.1027592,-0.18970677,1.1422306,1.4907697,0.056326223,-0.98263586
355,0.8785421,-0.69992316,0.5505649,-0.17341465,-0.5951983,0.8355628,0.55341333,0.7226176,-0.596265415,1.1159619
356,0.81587434,0.2594574,-1.9840405,0.495295,-1.4732617,0.7638081,-2.107534,-0.29471296,1.68694305,0.7077196
357,0.37572438,0.3904742,0.54364324,0.7817762,-0.5186393,0.35695046,0.525362,0.4580887,0.46684982,-0.24800697
358,0.006741816,-0.19879165,0.49090654,-1.0552987,0.29684472,-0.34401733,0.53886765,-0.090068795,-0.008738589,-0.036275648
359,0.60107327,0.2729665,-0.026418932,0.10281958,-0.19840199,-0.12990057,-0.051494613,-0.49775147,-0.155613405,-0.37464723
360,1.0859714,1.530813,0.4510578,1.9259557,1.4195584,1.0059389,0.4212323,1.1190932,0.4885311,1.3464825
361,0.8344953,0.43539608,0.7906683,0.6201942,-0.20707643,0.5636282,0.7818574,1.2128105,-0.43027064,1.4023883
362,-1.0198998,-1.4754982,0.57031035,-1.1392806,-0.5489399,-0.80447656,0.55990696,-0.21146612,-0.8988348,0.4218448
363,1.2521987,0.023281045,0.6845163,0.8937005,-0.43949783,0.9948036,0.67594504,0.085545816,0.003295645,-0.9611915
364,-0.7178557,1.5687504,1.3539999,-0.19352525,2.353644,0.85393363,1.3903372,0.5754305,0.9746648,-0.025456045
365,1.3817198,1.1115845,0.20423195,1.2991234,-0.16520536,0.76911557,0.14426759,-0.05003667,1.3919577,1.3146076
366,-0.4173889,-0.22234376,-0.18278292,-1.2027822,-0.6312748,-0.7447053,-0.21145223,-0.73567814,-0.21970515,-0.059572183
367,-0.8694316,-1.5981576,-1.3410127,-0.74331945,-0.32119793,-0.3331771,-1.4059229,-1.5141488,-0.449291035,-0.9897207
368,0.91234577,0.483007,0.08122949,1.0621092,-0.57404846,1.2632968,0.06815182,0.28966832,1.68449675,0.25894827
369,0.36574274,1.1495342,0.6242278,0.9849939,0.057476826,1.4375162,0.64783865,1.3413099,1.85519135,1.5036669
370,-0.15747815,-1.6922436,-0.22001854,-0.3271637,0.46670854,-0.9796513,-0.32345206,-0.31549472,-0.37709461,0.15829319
371,-2.0391927,-1.245111,0.2522665,-1.030381,-0.05682741,-1.6811154,0.12783208,-0.39811882,-0.56782298,-0.74255747
372,-0.9972267,-1.2026806,0.6999256,-0.56758416,0.7165562,-0.6744574,0.64672196,-1.3058498,-0.530239765,-0.5967806
373,1.2193503,0.2705232,-1.1580061,1.6587288,-0.09452087,0.8309641,-1.1969199,-0.080889,1.17615865,1.5433757
374,0.2069157,0.038818896,0.7768272,0.6697177,-0.351528,0.9555117,0.7140299,0.35402957,0.074934525,1.8681374
375,-0.6152425,-1.3188276,-0.7646228,-1.7936561,-0.6396934,-1.4884024,-0.8423249,-1.6105394,-1.2725412,-1.6411985
376,1.8811922,0.7182306,0.8924767,0.9181396,2.6396408,-0.2645381,0.79491377,0.9628159,-0.7738826,1.0414177
377,-0.2349815,-0.17028555,-0.09846416,-0.39460868,-0.7833351,-0.25483286,-0.19789326,-0.41379482,-0.30826765,-0.5090107
378,0.5237769,-0.09880501,-0.121221736,0.52834064,-0.52925843,1.347318,-0.12746333,-0.3791167,1.00510635,-1.1368214
379,0.010377519,0.79248834,-1.0364228,1.6965644,-0.7904571,0.46859536,-1.0941647,-0.20034628,1.6830057,-0.9948758
380,-1.7309008,-2.0590696,-1.9365343,-2.405867,-0.20852679,-1.5420005,-2.1284928,-1.974803,-1.5949018,-1.5145258
381,-0.9701037,-0.960004,-1.1925921,-1.3481281,-0.9010323,-0.8006344,-1.2763147,-0.98518276,-1.14167385,-0.48603353
382,-0.069616884,-0.59394354,-0.9395791,-0.42093927,-0.8720367,-0.009573523,-0.9848332,-0.9922842,-1.47692805,0.10759749
383,1.4842218,0.9884511,0.9310925,0.892783,-1.6917547,0.35349888,0.84400773,0.4320692,-0.104685927,2.128693
384,0.9779113,0.9469366,0.2357975,-0.55438495,2.0776737,1.0239761,0.2615959,0.6962925,0.53150395,-1.2587687
385,0.4435255,1.1123753,1.3299657,0.73973024,-0.31015456,0.93196094,1.2142954,1.6718051,1.1071498,0.9944914
386,1.0818988,0.6859634,-1.188098,1.1255112,-0.54830074,0.89208764,-1.3298804,0.5446599,0.62044272,-0.72629875
387,-0.1425367,-0.86076784,0.23540832,-0.12498755,-0.5432238,-0.71640354,0.18068469,-0.70933044,0.7023037,0.33171934
388,-0.24681595,-0.039495923,1.1263535,-0.15455289,1.8815186,-0.36228055,1.1136851,0.38640684,-0.34020315,-0.33005455
389,-0.53396195,-0.79609245,-0.8951056,-1.0361146,-0.18157405,0.41114432,-0.9163327,-0.6032823,0.1315866175,-1.0002083
390,1.3379091,1.5107014,0.83756936,0.83958614,-0.3919345,0.8689413,0.6875597,1.4932005,1.0011758,-1.4195598
391,1.3823662,1.0033234,0.37890917,-0.35910377,-0.94988006,2.0348487,0.32867247,1.392782,1.5139724,-0.44300318
392,1.8430638,0.4354726,0.70649505,1.3557737,-0.7776508,1.2022305,0.6970937,0.8413056,0.6384066,1.5373248
393,0.55472094,0.49290282,-0.044696845,1.051441,-0.4643342,0.9611496,0.024163812,0.9798361,0.66876667,-1.4115368
394,-1.7956169,-1.1809406,0.4274106,-1.0989208,-0.95817196,0.028330332,0.40746558,-1.1427659,-0.49965793,0.19141038
395,0.51934814,1.1870072,0.8772677,0.48514867,0.65176237,1.9305767,0.8089849,0.69008124,0.94896765,0.39729968
396,-0.39010152,-0.5903882,-0.05716878,-0.5810441,-0.5118157,0.14387754,-0.09438781,-0.658161,0.06388553,0.22859308
397,-1.0708506,-0.9159824,-1.2440908,-0.9287075,-1.1183579,-1.5359563,-1.3552655,-0.89810246,-1.5899685,-1.148686
398,-0.13755736,-0.19314796,-2.7328446,-0.95024806,-0.3289992,-1.1409338,-3.1214745,-1.6710808,-0.11645936,-1.0083772
399,-1.1811601,-0.8356505,-0.49862155,-0.95342827,0.22044933,-0.46761885,-0.6057843,-0.7162772,-0.271166545,-1.8910656
400,-1.9871004,-1.6580431,-1.9535234,-1.558177,-0.059605137,-1.911828,-2.0154412,-1.5026958,-0.68169405,-0.17128521
401,-0.964995,-1.7035286,0.44109774,-0.27883363,1.8125058,-1.2765164,0.36624134,-0.042063426,-2.0591985,0.20196426
402,0.60468733,1.5091383,0.9425698,0.75024617,1.1364822,-0.09421377,0.91076446,2.101985,-0.0489500915,0.3597321
403,1.9380345,1.4780638,0.6691233,1.5043525,1.2276492,1.7059307,0.7081651,0.9457304,0.8932411,2.297912
404,0.45276612,0.49588886,0.75187117,0.18013617,-0.31413612,-0.6194339,0.737414,0.91387874,-0.45879884,0.21465261
405,-0.01699039,0.7040056,0.5674353,0.8384761,-1.4392896,0.312486,0.5651587,-0.03942848,-0.455571575,-1.0916109
406,0.002755918,0.04417516,0.21256852,1.0809836,-1.1080914,0.29091677,0.12376991,0.08614043,0.09361065,-1.1531802
407,0.97045463,-0.19793466,0.014224668,0.88323385,-0.5825925,-0.11127788,-0.045558672,-0.24811962,-0.020037424,-1.3502324
408,0.031296253,-0.77116716,0.7187949,-0.43716067,1.5438769,-0.8468811,0.637964,1.4828807,-0.0078919905,0.5941123
409,0.33161783,0.6528505,-1.1609069,-0.28586525,-0.6016404,0.8260776,-1.2012627,-0.2344305,0.23742132,-0.5178984
410,0.2629356,-0.35359302,0.044505462,0.11386903,-0.05540394,-0.13749191,-0.008303511,-0.3162368,0.079465537,0.8551277
411,-1.5950499,-0.69234264,-0.43314746,-0.44621903,-0.6499772,-1.3405747,-0.5347595,-1.1570511,-0.79483117,-0.13116474
412,2.1552515,1.291537,0.8443358,1.5983028,-0.91792536,0.5355328,0.7913157,0.74824965,1.04435905,0.2341414
413,-1.5369512,-1.1052127,-0.7313212,-1.3568492,-0.3163481,-0.7212881,-0.7876753,-1.0464327,-1.5355589,-1.492162
414,-0.30669567,-0.68840086,0.7693566,0.36772177,-0.45240772,-0.7843798,0.81441545,-1.2444687,-0.16229878,0.56776255
415,2.1860814,2.056568,1.438446,2.0157175,-0.32512724,1.1030365,1.4298244,0.8068002,1.5223886,0.53020614
416,-0.6522505,-1.1561649,0.15314305,-0.46039256,1.4386497,-1.1580073,0.19662997,-0.94260967,-0.72644685,0.4911477
417,1.0334761,0.5510521,-0.23829539,-0.37754413,1.9319005,0.6199158,-0.20166993,0.4211484,0.0358686995,-0.7106375
418,0.61854494,0.62671864,-0.120381966,0.20466001,-0.52902913,0.32066962,-0.21948494,0.1253629,0.324581845,1.3623793
419,0.28251725,0.21678823,0.12201092,0.52653754,-0.6859381,-0.33023053,0.0991157,1.2904092,0.27662838,-0.49816066
420,2.10563,1.0525026,1.0405982,-0.38780457,2.26978,-0.18498872,1.1368061,0.8249979,-0.65783418,0.027254129
421,-1.2043536,-1.0584795,-1.2387416,-0.8681632,0.22636291,-1.1171451,-1.2951133,-1.0003784,-0.05818989,-0.076107495
422,-0.9299023,-1.1628422,-0.04749591,-0.6295186,1.290461,0.30852938,-0.081677794,-0.20361766,-0.9662677,0.54391545
423,-0.4838332,0.08130999,1.1245862,0.5080092,0.9904684,0.0012715143,1.2277963,1.781485,-1.34777955,1.7115145
424,-0.3009914,0.23552214,-0.03796117,0.39443853,-1.0529191,-1.184187,-0.02776254,0.24704266,-0.15324689,1.611583
425,0.0427984,-0.47344244,0.030577578,0.1489797,-0.100849785,-0.10431907,0.06630665,-0.7727047,-0.32381926,-0.42582756
426,0.43577975,1.6415107,1.4067328,0.1843651,1.857483,0.36758107,1.492196,0.7045298,0.922608525,1.263023
427,-0.012731234,0.47726384,0.5210525,0.18441612,-0.85438466,0.2889319,0.6180942,-0.3602021,-0.694968725,-1.6151259
428,0.87255096,-0.5685538,-1.6799871,0.45640057,-0.3730762,0.50197095,-1.7793102,-0.55712783,2.2360494,-0.09764458
429,0.6141687,0.30690727,-2.0419786,-0.88562715,-0.568883,-0.01966219,-2.2860165,-0.6083425,1.93842905,-1.3786123
430,1.1223791,0.91463447,1.2839857,1.1892638,0.5490665,0.6213615,1.3049004,1.2751949,1.46520375,2.7876024
431,-1.1342438,-1.0495543,-0.33453423,-0.82690156,-0.09119794,-0.2370956,-0.3160785,-1.2709424,-0.75789565,-0.6220499
432,0.029829238,-0.13368692,0.8331555,0.21269226,1.3405497,0.71946275,0.81447124,0.046195596,-0.514965725,-0.27948588
433,0.88005316,0.626878,0.14074513,1.263418,0.16980535,-0.014237422,0.09458351,0.37126788,0.73203725,0.639647
434,-0.8284971,-0.5636736,-0.30831558,0.24465789,0.062479634,0.054540087,-0.360022,-0.47256994,-1.27651805,0.49447203
435,-0.1520074,0.5532365,0.88362,-0.5854771,2.495036,0.883489,0.9143996,0.08287745,-1.68145135,0.3231026
436,1.0760628,1.5789276,0.115494244,0.9220752,0.07004483,0.3339365,-0.008511145,0.92827255,1.3251059,-1.0189904
437,-0.9696277,-0.93594193,0.3446311,-0.7956269,0.06865671,0.14412607,0.34434307,0.10152807,-0.322213435,-0.5589675
438,-1.1879444,-0.8319275,-1.5426762,-1.7639594,-1.1386998,-0.76301706,-1.6828481,-2.557054,-1.4866303,-0.6268608
439,-0.1714513,-0.672827,-1.069805,-0.34122854,-0.4418463,-0.14799334,-1.1070474,-0.794044,0.096331328,0.07040206
440,0.011364948,-0.16060153,-0.087943,-0.09780344,-0.9343184,-0.5341811,-0.16594638,-0.57594323,0.34003335,-0.5178398
441,-1.6922379,-1.4492378,-2.0331664,-1.4671735,-0.25274348,-1.1137186,-2.2901618,-1.4212518,-0.6118507,-1.865646
442,1.214606,2.4450638,1.1432955,1.0232306,1.7926338,0.5496812,1.2449932,1.3342373,0.32747046,1.0958359
443,0.43862146,0.8538624,0.7775674,0.91678107,-0.39616954,0.759303,0.7218517,1.0344151,0.444522845,1.7457947
444,-0.09449745,-0.60652983,-0.104083434,0.045813575,-0.6791558,0.24676764,-0.22998728,0.51617765,0.208519325,-0.53489095
445,0.3823347,1.8229156,1.0791578,0.3763603,-0.21557388,-0.6144982,1.1218975,0.17428213,0.012867078,-2.155089
446,0.41477165,0.09064583,0.62743807,-0.13202517,0.09917644,-0.9695856,0.61366224,0.5014612,-1.3533561,0.8202243
447,0.86458135,-0.26312995,1.4821091,-1.6857629,0.4330594,0.73177814,1.5967698,0.6902623,0.3185938,0.032007117
448,1.1296564,0.3014109,0.67675096,1.4302112,1.6916856,-0.38727248,0.70514643,1.551521,0.141339473,0.9094594
449,0.79521894,0.31173012,0.9677202,1.1418248,0.827015,-1.1128314,0.98222446,1.6115402,-0.434655725,1.0250242
450,0.10335254,1.1582675,0.056577705,0.7234844,-1.0514367,-0.054465197,0.013218737,1.2685839,-0.34268415,1.3466119
451,-1.2794256,-1.283387,-0.2618482,-1.725192,-0.4835432,-0.94989014,-0.36127484,-1.1070435,-0.88302015,-0.8527929
452,0.3546402,0.6753348,-1.8538215,-0.32391262,-0.78005064,0.08859256,-2.0336895,-0.39483315,-0.51779126,-0.6953701
453,1.525974,1.4630424,1.0592906,1.1951032,-1.723227,1.2179973,1.0895225,1.252269,1.04310025,1.028142
454,1.3881731,0.16118997,0.13553526,0.42321473,0.30264595,2.0202503,0.2570638,1.5610638,0.001415439,-0.25001803
455,-1.9433436,-1.0601759,-1.1293347,-2.0107744,-0.15841156,-1.8552685,-1.3029205,-1.5994947,-0.78650712,-1.6118647
456,1.7363472,1.2934589,1.3630396,0.8008024,-0.5868572,0.025527846,1.4298427,0.3319758,0.15996176,1.853054
457,-0.26202005,-0.13184753,0.23041555,-0.025720596,1.2859201,-0.47325292,0.18745981,-0.7741935,-1.09799035,0.54423344
458,-0.332983,0.39009288,0.72933877,-0.10553592,0.46433908,0.27693716,0.7681006,0.66890705,0.0521055,0.48306638
459,-0.47841322,0.18002507,-0.019865073,0.37224168,-0.2024501,-0.25147253,-0.033471014,0.18777487,1.0815264,0.052847695
460,-0.1976741,0.48231,0.8665664,0.23356089,1.4313846,0.06519072,0.8539932,0.24445085,0.064738985,1.5032723
461,0.98630744,0.3531195,0.8312341,0.4350531,-1.2126989,0.16964146,0.7605388,0.69927484,0.455932425,1.4028252
462,-1.1160858,-0.7234775,-1.4889383,0.09798414,0.30575818,-0.62440914,-1.6057106,-0.1916483,0.236850055,-0.79608464
463,-1.2912611,-1.8243638,0.059421666,-0.74401927,0.22832999,-1.0292482,0.034238517,-0.12810126,-0.06480072,0.60321534
464,0.48955762,-0.533574,-0.8817664,-0.8263006,-0.35977355,-0.4747209,-1.0271685,-0.8488363,-0.57410032,-2.3254476
465,0.8707978,0.8923901,0.37864038,0.55046517,-0.13738868,-0.3050701,0.39483136,1.2475839,0.411390165,1.384727
466,0.65341383,0.5714197,0.690454,0.4970879,1.4544852,0.07379578,0.72889364,1.1691658,0.184092695,1.3766849
467,0.07623066,-0.55798113,0.9833256,-0.19649103,-0.67584264,0.08149341,0.9683809,1.4722325,-0.113652225,-0.29899096
468,-1.5757096,-1.6076893,-0.9326818,-0.97144073,-0.6642622,-1.289153,-1.0351586,-0.9834855,-2.1937555,-0.15364034
469,0.2462801,0.23294595,-0.55122197,1.0961957,0.13755545,0.27998167,-0.73853767,-0.2117583,0.123716515,-0.9218971
470,-0.9862611,-1.0289559,-1.7792785,-0.55495685,-1.2717404,-0.31872112,-1.9052379,-0.9820908,-0.3229188,-2.2663627
471,0.8258066,0.6160451,-0.24632812,0.327514,-1.0753267,-0.5384474,-0.30124515,-0.1185284,0.41495936,-0.1632224
472,0.9181708,0.6906196,0.45680332,0.9185714,-0.77735543,-0.26441535,0.36847037,-0.3155548,0.000919475,1.6635412
473,0.40440035,0.4112113,-1.7851073,0.7333412,-0.19757387,-0.43546095,-1.9774064,-0.98093015,0.0301416185,-0.93635637
474,0.100389674,0.11944491,0.90707254,0.24882588,-0.42781216,-1.0422809,0.8364474,0.66152114,-0.649390785,-0.77114606
475,-0.6506673,0.35739022,0.11908432,0.22163364,-1.5606138,0.713412,0.07024062,-0.7804263,-0.675385575,-0.9501406
476,-0.8909502,0.050927624,-2.0738525,-1.0338042,-0.3924879,-1.0518053,-2.2133183,-1.6160043,0.92785353,-1.2185127
477,-1.3193722,-0.95723665,0.42949486,-1.5130159,0.39804873,-0.44889337,0.3158626,-1.5166668,-0.889087875,-0.82639396
478,0.41779283,-0.69425416,0.31810015,0.16654447,-0.6524707,-0.8558812,0.16933002,0.041200984,0.48570362,1.5407302
479,-1.4692619,-0.013307782,-0.18688989,-0.51889336,-1.4592323,0.27894744,-0.5190127,-0.8190352,0.05561326535,-1.3126608
480,-1.3016189,-1.7886317,-1.3755562,-2.0372453,-0.80539334,-1.4982463,-1.4926552,-2.315967,-1.20418235,-0.03396725
481,0.8620709,1.0451452,1.1780934,0.82836413,1.5066314,1.4417131,1.1146351,0.814587,0.801518615,0.6847957
482,-1.1236707,-1.4137557,0.59939826,-0.23283076,1.880075,-2.2629075,0.42288202,0.61982346,-1.22905005,0.13294254
483,1.0297732,1.0878303,0.42325133,0.013457466,-0.7108457,0.69028765,0.3832353,0.08190026,1.9312497,0.10028118
484,0.8826647,0.09831257,0.45852983,0.58323014,-1.0814109,0.42371845,0.44929636,0.9999178,-0.1951346625,0.0032050714
485,-0.5032847,-0.73609394,-1.1144156,-1.0357188,-0.7175659,-0.44726428,-1.1417407,-0.51224184,-0.801747055,-1.655666
486,1.0569501,1.531535,1.2287947,1.4701142,-1.2155182,1.43859,1.2016321,0.5368688,0.95361364,0.8744686
487,0.383617,0.03625486,0.84278655,-0.15034916,-0.7416409,0.48597375,0.89330673,1.461209,0.091749796,-0.16223025
488,-1.0679952,-1.4882255,-0.9187545,-1.2447009,0.18119769,-1.1063807,-0.9136509,-1.6995789,-1.48767935,-1.2770419
489,-0.94432575,-1.0515485,-0.23453942,-0.20151016,-0.7837542,0.26098934,-0.31016877,-0.41362077,-1.09466575,-1.4397552
490,0.26615188,-0.345527,0.22552472,0.8447974,0.105912864,0.48040658,0.26885653,-1.4244592,0.48828207,-0.051180333
491,1.5566089,0.9450026,0.104759365,1.2718215,-1.7492459,0.46108803,0.06936062,0.9296387,0.25720827,1.4727801
492,0.078915246,-0.004369958,0.11844236,-0.64112705,1.5607674,0.52355164,0.06609713,-0.55568933,-0.066167505,0.6272061
493,0.15930425,-0.5571579,0.9522512,-0.5364804,-1.269434,-1.0393667,0.96244264,0.4634151,-0.150204115,-0.32332474
494,0.82398593,0.35195625,-0.37198555,0.6045017,-0.4411456,1.2202497,-0.38045776,0.43415436,0.531242665,0.36495543
495,0.16310036,-0.5626589,0.57741106,-1.1844139,1.7145336,0.033971466,0.5705452,0.30640528,-0.7044272,1.3001691
496,0.17411314,-0.8931862,1.0516472,-0.28967172,-0.26117516,-0.76509005,1.051063,-0.5593252,-1.35254745,-0.46372205
497,-2.1356845,-1.3026996,-0.9833988,-2.303411,-0.6248789,-2.438546,-1.0912468,-1.8932368,-1.075971065,-1.3870451
498,1.9390904,2.168174,0.23188815,1.1394871,-0.0022739186,0.6505913,0.17587778,0.97565496,0.19961836,0.44740358
499,-0.14701703,0.8283647,1.5346367,-1.4471271,-0.91403604,0.18317786,1.8837664,0.5366908,0.143832995,1.2690568
500,-1.0327078,-1.9002619,-1.8892739,-1.6522077,-0.023941208,-1.8599827,-2.0183914,-1.880764,-2.1759091,-0.19161022
